{
  "employees": [
    {
      "id": "1",
      "gender": "male",
      "name": { "title": "Mr", "first": "Lucas", "last": "Garcia" },
      "location": {
        "street": "1469 route de genas",
        "city": "saint-denis",
        "state": "saône-et-loire",
        "postcode": 43181
      },
      "email": "lucas.garcia@example.com",
      "dob": { "date": "1962-11-04T05:47:30Z", "age": 56 },
      "registered": { "date": "2004-10-16T09:30:03Z", "age": 14 },
      "phone": "05-65-50-52-66",
      "cell": "06-33-21-84-33",
      "picture": {
        "large": "/images/portraits/men/41.jpg"
      },
      "nat": "FR"
    },
    {
      "id": 2,
      "gender": "male",
      "name": { "title": "Mr", "first": "Elijah", "last": "Stokke" },
      "location": {
        "street": "hasleveien 6994",
        "city": "tinn austbygd",
        "state": "nord-trøndelag",
        "postcode": "5409"
      },
      "email": "elijah.stokke@example.com",
      "dob": { "date": "1975-08-05T23:10:55Z", "age": 43 },
      "registered": { "date": "2006-11-06T12:45:46Z", "age": 12 },
      "phone": "58061332",
      "cell": "44608822",
      "picture": {
        "large": "/images/portraits/men/37.jpg"
      },
      "nat": "NO"
    },
    {
      "id": 3,
      "gender": "female",
      "name": { "title": "Miss", "first": "Erin", "last": "Bates" },
      "location": {
        "street": "9104 the crescent",
        "city": "carrick-on-suir",
        "state": "offaly",
        "postcode": 88894
      },
      "email": "erin.bates@example.com",
      "dob": { "date": "1974-02-26T08:28:39Z", "age": 45 },
      "registered": { "date": "2011-10-26T22:16:59Z", "age": 7 },
      "phone": "061-057-8538",
      "cell": "081-645-3742",
      "picture": {
        "large": "/images/portraits/women/72.jpg"
      },
      "nat": "IE"
    },
    {
      "id": 4,
      "gender": "female",
      "name": { "title": "Miss", "first": "Brooklyn", "last": "Walker" },
      "location": {
        "street": "8199 bridge street",
        "city": "new plymouth",
        "state": "west coast",
        "postcode": 92985
      },
      "email": "brooklyn.walker@example.com",
      "dob": { "date": "1979-04-07T03:35:12Z", "age": 39 },
      "registered": { "date": "2012-01-12T22:12:19Z", "age": 7 },
      "phone": "(642)-213-0122",
      "cell": "(357)-319-5235",
      "picture": {
        "large": "/images/portraits/women/26.jpg"
      },
      "nat": "NZ"
    },
    {
      "id": 5,
      "gender": "female",
      "name": { "title": "Mrs", "first": "Mestan", "last": "Kutlay" },
      "location": {
        "street": "8418 mevlana cd",
        "city": "osmaniye",
        "state": "niğde",
        "postcode": 19924
      },
      "email": "mestan.kutlay@example.com",
      "dob": { "date": "1946-11-08T22:35:51Z", "age": 72 },
      "registered": { "date": "2002-08-02T02:02:09Z", "age": 16 },
      "phone": "(867)-121-7991",
      "cell": "(655)-137-4712",
      "picture": {
        "large": "/images/portraits/women/46.jpg"
      },
      "nat": "TR"
    },
    {
      "id": 6,
      "gender": "female",
      "name": { "title": "Mrs", "first": "Tara", "last": "Storheim" },
      "location": {
        "street": "ole wingers vei 3615",
        "city": "straume",
        "state": "buskerud",
        "postcode": "1331"
      },
      "email": "tara.storheim@example.com",
      "dob": { "date": "1951-05-23T15:25:27Z", "age": 67 },
      "registered": { "date": "2016-05-24T07:47:14Z", "age": 2 },
      "phone": "60611638",
      "cell": "95606732",
      "picture": {
        "large": "/images/portraits/women/70.jpg"
      },
      "nat": "NO"
    },
    {
      "id": 7,
      "gender": "male",
      "name": { "title": "Mr", "first": "Edgar", "last": "Henderson" },
      "location": {
        "street": "1217 first street",
        "city": "mildura",
        "state": "western australia",
        "postcode": 5780
      },
      "email": "edgar.henderson@example.com",
      "dob": { "date": "1951-08-20T12:21:30Z", "age": 67 },
      "registered": { "date": "2003-11-28T13:14:05Z", "age": 15 },
      "phone": "01-1370-4254",
      "cell": "0421-055-267",
      "picture": {
        "large": "/images/portraits/men/59.jpg"
      },
      "nat": "AU"
    },
    {
      "id": 8,
      "gender": "male",
      "name": { "title": "Mr", "first": "Hugh", "last": "Shelton" },
      "location": {
        "street": "5901 west street",
        "city": "clane",
        "state": "tipperary",
        "postcode": 56752
      },
      "email": "hugh.shelton@example.com",
      "dob": { "date": "1953-08-25T21:49:01Z", "age": 65 },
      "registered": { "date": "2015-05-04T10:11:06Z", "age": 3 },
      "phone": "011-714-0578",
      "cell": "081-176-1060",
      "picture": {
        "large": "/images/portraits/men/27.jpg"
      },
      "nat": "IE"
    },
    {
      "id": 9,
      "gender": "male",
      "name": { "title": "Mr", "first": "Clifford", "last": "Willis" },
      "location": {
        "street": "7857 henry street",
        "city": "maynooth",
        "state": "kerry",
        "postcode": 58155
      },
      "email": "clifford.willis@example.com",
      "dob": { "date": "1956-05-10T11:57:43Z", "age": 62 },
      "registered": { "date": "2008-01-29T05:50:03Z", "age": 11 },
      "phone": "041-405-2134",
      "cell": "081-172-2222",
      "picture": {
        "large": "/images/portraits/men/20.jpg"
      },
      "nat": "IE"
    },
    {
      "id": 10,
      "gender": "female",
      "name": { "title": "Mrs", "first": "Annabelle", "last": "Ma" },
      "location": {
        "street": "4766 tecumseh rd",
        "city": "borden",
        "state": "nova scotia",
        "postcode": "Z6C 5D0"
      },
      "email": "annabelle.ma@example.com",
      "dob": { "date": "1950-12-18T14:20:45Z", "age": 68 },
      "registered": { "date": "2016-09-08T12:24:41Z", "age": 2 },
      "phone": "995-911-0645",
      "cell": "483-214-0419",
      "picture": {
        "large": "/images/portraits/women/36.jpg"
      },
      "nat": "CA"
    },
    {
      "id": 11,
      "gender": "female",
      "name": { "title": "Mrs", "first": "Ellenoor", "last": "Walstra" },
      "location": {
        "street": "5817 lichte gaard",
        "city": "arnhem",
        "state": "zuid-holland",
        "postcode": 62398
      },
      "email": "ellenoor.walstra@example.com",
      "dob": { "date": "1955-07-15T17:06:15Z", "age": 63 },
      "registered": { "date": "2004-05-31T21:37:52Z", "age": 14 },
      "phone": "(190)-287-9727",
      "cell": "(979)-713-9582",
      "picture": {
        "large": "/images/portraits/women/71.jpg"
      },
      "nat": "NL"
    },
    {
      "id": 12,
      "gender": "female",
      "name": { "title": "Miss", "first": "Karen", "last": "Solberg" },
      "location": {
        "street": "kommandør t. i. øgrims plass 2896",
        "city": "slettebrotane",
        "state": "buskerud",
        "postcode": "6951"
      },
      "email": "karen.solberg@example.com",
      "dob": { "date": "1958-01-27T16:37:50Z", "age": 61 },
      "registered": { "date": "2010-02-19T03:14:07Z", "age": 9 },
      "phone": "31464275",
      "cell": "44755540",
      "picture": {
        "large": "/images/portraits/women/5.jpg"
      },
      "nat": "NO"
    },
    {
      "id": 13,
      "gender": "male",
      "name": { "title": "Mr", "first": "Tomas", "last": "Hernandez" },
      "location": {
        "street": "4391 ronda de toledo",
        "city": "las palmas de gran canaria",
        "state": "castilla la mancha",
        "postcode": 72484
      },
      "email": "tomas.hernandez@example.com",
      "dob": { "date": "1951-07-05T13:32:40Z", "age": 67 },
      "registered": { "date": "2002-04-24T09:23:13Z", "age": 16 },
      "phone": "951-154-279",
      "cell": "619-973-136",
      "picture": {
        "large": "/images/portraits/men/27.jpg"
      },
      "nat": "ES"
    },
    {
      "id": 14,
      "gender": "female",
      "name": { "title": "Mrs", "first": "Elsa", "last": "Mercier" },
      "location": {
        "street": "353 avenue des ternes",
        "city": "limoges",
        "state": "haute-corse",
        "postcode": 84072
      },
      "email": "elsa.mercier@example.com",
      "dob": { "date": "1996-08-12T21:59:33Z", "age": 22 },
      "registered": { "date": "2008-08-30T15:12:12Z", "age": 10 },
      "phone": "05-61-61-69-10",
      "cell": "06-94-41-65-95",
      "picture": {
        "large": "/images/portraits/women/52.jpg"
      },
      "nat": "FR"
    },
    {
      "id": 15,
      "gender": "female",
      "name": { "title": "Miss", "first": "Pihla", "last": "Salmela" },
      "location": {
        "street": "7359 pyynikintie",
        "city": "juva",
        "state": "northern ostrobothnia",
        "postcode": 41889
      },
      "email": "pihla.salmela@example.com",
      "dob": { "date": "1946-07-17T23:49:15Z", "age": 72 },
      "registered": { "date": "2011-12-20T10:07:15Z", "age": 7 },
      "phone": "09-114-553",
      "cell": "042-438-05-39",
      "picture": {
        "large": "/images/portraits/women/37.jpg"
      },
      "nat": "FI"
    },
    {
      "id": 16,
      "gender": "female",
      "name": { "title": "Mrs", "first": "Sabina", "last": "Kruijs" },
      "location": {
        "street": "9583 ganzenmarkt",
        "city": "texel",
        "state": "gelderland",
        "postcode": 17032
      },
      "email": "sabina.kruijs@example.com",
      "dob": { "date": "1970-07-12T18:16:39Z", "age": 48 },
      "registered": { "date": "2003-07-13T17:47:25Z", "age": 15 },
      "phone": "(914)-974-4015",
      "cell": "(637)-849-3761",
      "picture": {
        "large": "/images/portraits/women/61.jpg"
      },
      "nat": "NL"
    },
    {
      "id": 17,
      "gender": "female",
      "name": { "title": "Mrs", "first": "Alisa", "last": "Ahonen" },
      "location": {
        "street": "7429 nordenskiöldinkatu",
        "city": "savitaipale",
        "state": "uusimaa",
        "postcode": 11260
      },
      "email": "alisa.ahonen@example.com",
      "dob": { "date": "1971-10-24T00:15:30Z", "age": 47 },
      "registered": { "date": "2014-02-10T23:42:42Z", "age": 5 },
      "phone": "03-829-130",
      "cell": "045-333-66-56",
      "picture": {
        "large": "/images/portraits/women/88.jpg"
      },
      "nat": "FI"
    },
    {
      "id": 18,
      "gender": "male",
      "name": { "title": "Mr", "first": "Etienne", "last": "Gauthier" },
      "location": {
        "street": "6997 36th ave",
        "city": "delisle",
        "state": "newfoundland and labrador",
        "postcode": "B1V 6M7"
      },
      "email": "etienne.gauthier@example.com",
      "dob": { "date": "1959-06-10T22:00:15Z", "age": 59 },
      "registered": { "date": "2007-07-03T04:16:35Z", "age": 11 },
      "phone": "621-840-3423",
      "cell": "323-939-1806",
      "picture": {
        "large": "/images/portraits/men/22.jpg"
      },
      "nat": "CA"
    },
    {
      "id": 19,
      "gender": "female",
      "name": { "title": "Mrs", "first": "Nina", "last": "Davies" },
      "location": {
        "street": "9201 west quay",
        "city": "whangarei",
        "state": "marlborough",
        "postcode": 16386
      },
      "email": "nina.davies@example.com",
      "dob": { "date": "1985-12-09T04:26:46Z", "age": 33 },
      "registered": { "date": "2016-07-02T04:49:48Z", "age": 2 },
      "phone": "(485)-868-1933",
      "cell": "(155)-495-2477",
      "picture": {
        "large": "/images/portraits/women/59.jpg"
      },
      "nat": "NZ"
    },
    {
      "id": 20,
      "gender": "female",
      "name": { "title": "Mrs", "first": "Josephine", "last": "Richards" },
      "location": {
        "street": "7706 college st",
        "city": "pasadena",
        "state": "colorado",
        "postcode": 98531
      },
      "email": "josephine.richards@example.com",
      "dob": { "date": "1961-09-17T17:45:52Z", "age": 57 },
      "registered": { "date": "2007-07-14T13:58:13Z", "age": 11 },
      "phone": "(817)-855-8120",
      "cell": "(946)-373-7039",
      "picture": {
        "large": "/images/portraits/women/0.jpg"
      },
      "nat": "US"
    }
  ]
}
